"year","A","C","I","K","pct_AV","adoption","r","s","i","scenario"
0,98,512539,6983872,0.01,0.00019120496196387,0,0,0,0,"No Policy"
1,2886.10227681661,502772.422508651,6842797.7856,0.01,0.00574037506356457,0.21,0,0,0,"No Policy"
2,5548.73995117647,493445.341004412,6704573.27033088,0.01,0.0112448927775505,0.21,0,0,0,"No Policy"
3,8091.55893019014,484537.978167864,6569140.8902702,0.01,0.016699535010209,0.21,0,0,0,"No Policy"
4,10519.9510551482,476031.44665896,6436444.24428674,0.01,0.022099277535093,0.21,0,0,0,"No Policy"
5,12839.0655344831,467907.709067958,6306428.07055215,0.01,0.0274393118250984,0.21,0,0,0,"No Policy"
6,15053.819862248,460149.53966855,6179038.22352699,0.01,0.0327150601369533,0.21,0,0,0,"No Policy"
7,17168.9102452634,452740.487892116,6054221.65141175,0.01,0.0379221887691093,0.21,0,0,0,"No Policy"
8,19188.8215610432,445664.843445621,5931926.37405323,0.01,0.0430566194377964,0.21,0,0,0,"No Policy"
9,21117.8368676129,438907.602999219,5812101.46129736,0.01,0.0481145387396045,0.21,0,0,0,"No Policy"
10,22960.0464853869,432454.438372904,5694697.01177915,0.01,0.0530924056919691,0.21,0,0,0,"No Policy"
11,24719.3566703611,426291.666154774,5579664.13214121,0.01,0.0579869573649751,0.21,0,0,0,"No Policy"
12,26399.4978970115,420406.21868646,5466954.91667196,0.01,0.0627952126386129,0.21,0,0,0,"No Policy"
13,28004.0327684626,414785.61635422,5356522.42735518,0.01,0.0675144741387262,0.21,0,0,0,"No Policy"
14,29536.3635706983,409417.94112693,5248320.67432261,0.01,0.0721423284221473,0.21,0,0,0,"No Policy"
15,30999.7394868335,404291.811284869,5142304.59670129,0.01,0.0766766444967413,0.21,0,0,0,"No Policy"
16,32397.2634867426,399396.3572857,5038430.04384793,0.01,0.0811155707751433,0.21,0,0,0,"No Policy"
17,33731.8989066558,394721.198716494,4936653.7569622,0.01,0.0854575305718088,0.21,0,0,0,"No Policy"
18,35006.4757326729,390256.422282903,4836933.35107156,0.01,0.0897012162615897,0.21,0,0,0,"No Policy"
19,36223.6966015192,385992.560788822,4739227.29737992,0.01,0.0938455822244132,0.21,0,0,0,"No Policy"
20,37386.1425312675,381920.573061976,4643494.90597284,0.01,0.0978898367048708,0.21,0,0,0,"No Policy"
21,38496.2783941771,378031.824782838,4549696.30887219,0.01,0.101833432717712,0.21,0,0,0,"No Policy"
22,39556.4581432557,374318.07017626,4457792.44343297,0.01,0.105676058130534,0.21,0,0,0,"No Policy"
23,40568.9298036258,370771.434526979,4367745.03607563,0.01,0.109417625053512,0.21,0,0,0,"No Policy"
24,41535.8402392793,367384.397481916,4279516.5863469,0.01,0.11305825866305,0.21,0,0,0,"No Policy"
25,42459.2397053283,364149.77710388,4193070.35130269,0.01,0.116598285581858,0.21,0,0,0,"No Policy"
26,43341.0861954051,361060.714642856,4108370.33020638,0.01,0.120038221932497,0.21,0,0,0,"No Policy"
27,44183.2495934285,358110.659992578,4025381.24953621,0.01,0.123378761174952,0.21,0,0,0,"No Policy"
28,44987.5156385408,355293.357801562,3944068.54829558,0.01,0.126620761831599,0.21,0,0,0,"No Policy"
29,45755.5897116231,352602.834209142,3864398.36362001,0.01,0.129765235195142,0.21,0,0,0,"No Policy"
30,46489.1004514167,350033.384178382,3786337.51667488,0.01,0.132813333106894,0.21,0,0,0,"No Policy"
0,98,512539,6983872,0.01,0.00019120496196387,0,10000,500,5e+06,"High Rebates"
1,3019.07905190311,502772.422508651,11842797.7856,0.02,0.00600486207425422,0.22,10000,500,5e+06,"High Rebates"
2,5941.68632155709,493445.341004412,16603573.2703309,0.03,0.0120412248891898,0.23,10000,500,5e+06,"High Rebates"
3,8865.75303916315,484537.978167864,21268181.0902702,0.04,0.0182973336221989,0.24,10000,500,5e+06,"High Rebates"
4,11791.2135295634,476031.44665896,25838563.8322467,0.05,0.0247698205913084,0.25,10000,500,5e+06,"High Rebates"
5,14718.0050729822,467907.709067958,30316624.8428354,0.06,0.031454931790501,0.26,10000,500,5e+06,"High Rebates"
6,17646.0677720337,460149.53966855,34704229.0210101,0.07,0.0383485503098499,0.27,10000,500,5e+06,"High Rebates"
7,20575.3444247143,452740.487892116,39003203.5947857,0.08,0.0454462213452781,0.28,10000,500,5e+06,"High Rebates"
8,23505.7804031108,445664.843445621,43215338.882171,0.09,0.0527431785316019,0.29,10000,500,5e+06,"High Rebates"
9,26437.323537566,438907.602999219,47342389.0367512,0.1,0.0602343713276095,0.3,10000,500,5e+06,"High Rebates"
10,29369.9240060572,432454.438372904,51386072.7782088,0.11,0.067914493181202,0.31,10000,500,5e+06,"High Rebates"
11,32303.5342285527,426291.666154774,55348074.108089,0.12,0.0757780102058675,0.32,10000,500,5e+06,"High Rebates"
12,35238.1087661225,420406.21868646,59230043.0111056,0.13,0.0838191901067078,0.33,10000,500,5e+06,"High Rebates"
13,38173.6042245882,414785.61635422,63033596.1422812,0.14,0.0920321311045381,0.34,10000,500,5e+06,"High Rebates"
14,41109.9791625094,409417.94112693,66760317.5002072,0.15,0.100410790619858,0.35,10000,500,5e+06,"High Rebates"
15,44047.1940033107,404291.811284869,70411759.086703,0.16,0.108949013494301,0.36,10000,500,5e+06,"High Rebates"
16,46985.2109513624,399396.3572857,73989441.5531516,0.17,0.117640559545095,0.37,10000,500,5e+06,"High Rebates"
17,49923.9939118383,394721.198716494,77494854.8337779,0.18,0.126479130267579,0.38,10000,500,5e+06,"High Rebates"
18,52863.5084141792,390256.422282903,80929458.7661356,0.19,0.135458394521584,0.39,10000,500,5e+06,"High Rebates"
19,55803.7215390014,385992.560788822,84294683.6990597,0.2,0.144572013058904,0.4,10000,500,5e+06,"High Rebates"
20,58744.601848293,381920.573061976,87591931.0883387,0.21,0.153813661770874,0.41,10000,500,5e+06,"High Rebates"
21,61686.1193187531,378031.824782838,90822574.0803542,0.22,0.163177053556771,0.42,10000,500,5e+06,"High Rebates"
22,64628.2452781289,374318.07017626,93987958.0839311,0.23,0.172655958735031,0.43,10000,500,5e+06,"High Rebates"
23,67570.9523444193,370771.434526979,97089401.3306357,0.24,0.18224422393981,0.44,10000,500,5e+06,"High Rebates"
24,70514.2143678132,367384.397481916,100128195.423757,0.25,0.191935789464996,0.45,10000,500,5e+06,"High Rebates"
25,73458.0063752408,364149.77710388,103105605.876197,0.26,0.201724705036098,0.46,10000,500,5e+06,"High Rebates"
26,76402.3045174207,361060.714642856,106022872.637498,0.27,0.211605144007412,0.47,10000,500,5e+06,"High Rebates"
27,79347.086018289,358110.659992578,108881210.61022,0.28,0.221571415997317,0.48,10000,500,5e+06,"High Rebates"
28,82292.3291267048,355293.357801562,111681810.155894,0.29,0.231617977988394,0.49,10000,500,5e+06,"High Rebates"
29,85238.0130703284,352602.834209142,114425837.590745,0.3,0.241739443931328,0.5,10000,500,5e+06,"High Rebates"
30,88184.1180115753,350033.384178382,117114435.671412,0.31,0.251930592902063,0.51,10000,500,5e+06,"High Rebates"
0,98,512539,6983872,0.01,0.00019120496196387,0,1000,500,2e+07,"Infra Focus"
1,3019.07905190311,502772.422508651,26842797.7856,0.02,0.00600486207425422,0.22,1000,500,2e+07,"Infra Focus"
2,5941.68632155709,493445.341004412,46300573.2703309,0.03,0.0120412248891898,0.23,1000,500,2e+07,"Infra Focus"
3,8865.75303916315,484537.978167864,65365301.6902702,0.04,0.0182973336221989,0.24,1000,500,2e+07,"Infra Focus"
4,11791.2135295634,476031.44665896,84044922.5961267,0.05,0.0247698205913084,0.25,1000,500,2e+07,"Infra Focus"
5,14718.0050729822,467907.709067958,102347215.159685,0.06,0.031454931790501,0.26,1000,500,2e+07,"Infra Focus"
6,17646.0677720337,460149.53966855,120279801.413459,0.07,0.0383485503098499,0.27,1000,500,2e+07,"Infra Focus"
7,20575.3444247143,452740.487892116,137850149.424907,0.08,0.0454462213452781,0.28,1000,500,2e+07,"Infra Focus"
8,23505.7804031108,445664.843445621,155065576.406524,0.09,0.0527431785316019,0.29,1000,500,2e+07,"Infra Focus"
9,26437.323537566,438907.602999219,171933251.763113,0.1,0.0602343713276095,0.3,1000,500,2e+07,"Infra Focus"
10,29369.9240060572,432454.438372904,188460200.077498,0.11,0.067914493181202,0.31,1000,500,2e+07,"Infra Focus"
11,32303.5342285527,426291.666154774,204653304.035932,0.12,0.0757780102058675,0.32,1000,500,2e+07,"Infra Focus"
12,35238.1087661225,420406.21868646,220519307.294406,0.13,0.0838191901067078,0.33,1000,500,2e+07,"Infra Focus"
13,38173.6042245882,414785.61635422,236064817.287059,0.14,0.0920321311045381,0.34,1000,500,2e+07,"Infra Focus"
14,41109.9791625094,409417.94112693,251296307.977861,0.15,0.100410790619858,0.35,1000,500,2e+07,"Infra Focus"
15,44047.1940033107,404291.811284869,266220122.556708,0.16,0.108949013494301,0.36,1000,500,2e+07,"Infra Focus"
16,46985.2109513624,399396.3572857,280842476.081062,0.17,0.117640559545095,0.37,1000,500,2e+07,"Infra Focus"
17,49923.9939118383,394721.198716494,295169458.064225,0.18,0.126479130267579,0.38,1000,500,2e+07,"Infra Focus"
18,52863.5084141792,390256.422282903,309207035.011328,0.19,0.135458394521584,0.39,1000,500,2e+07,"Infra Focus"
19,55803.7215390014,385992.560788822,322961052.904099,0.2,0.144572013058904,0.4,1000,500,2e+07,"Infra Focus"
20,58744.601848293,381920.573061976,336437239.635436,0.21,0.153813661770874,0.41,1000,500,2e+07,"Infra Focus"
21,61686.1193187531,378031.824782838,349641207.3948,0.22,0.163177053556771,0.42,1000,500,2e+07,"Infra Focus"
22,64628.2452781289,374318.07017626,362578455.005425,0.23,0.172655958735031,0.43,1000,500,2e+07,"Infra Focus"
23,67570.9523444193,370771.434526979,375254370.214316,0.24,0.18224422393981,0.44,1000,500,2e+07,"Infra Focus"
24,70514.2143678132,367384.397481916,387674231.935986,0.25,0.191935789464996,0.45,1000,500,2e+07,"Infra Focus"
25,73458.0063752408,364149.77710388,399843212.45088,0.26,0.201724705036098,0.46,1000,500,2e+07,"Infra Focus"
26,76402.3045174207,361060.714642856,411766379.559372,0.27,0.211605144007412,0.47,1000,500,2e+07,"Infra Focus"
27,79347.086018289,358110.659992578,423448698.692272,0.28,0.221571415997317,0.48,1000,500,2e+07,"Infra Focus"
28,82292.3291267048,355293.357801562,434895034.978689,0.29,0.231617977988394,0.49,1000,500,2e+07,"Infra Focus"
29,85238.0130703284,352602.834209142,446110155.272119,0.3,0.241739443931328,0.5,1000,500,2e+07,"Infra Focus"
30,88184.1180115753,350033.384178382,457098730.135622,0.31,0.251930592902063,0.51,1000,500,2e+07,"Infra Focus"
0,98,512539,6983872,0.01,0.00019120496196387,0,12000,5000,4e+07,"Aggressive"
1,4215.87002768166,502772.422508651,46842797.7856,0.11,0.00838524517046104,0.31,12000,5000,4e+07,"Aggressive"
2,9478.2036549827,493445.341004412,85896573.2703309,0.21,0.0192082138939436,0.41,12000,5000,4e+07,"Aggressive"
3,15833.5000199202,484537.978167864,124161462.49027,0.31,0.0326775211301081,0.51,12000,5000,4e+07,"Aggressive"
4,23232.5757993006,476031.44665896,161653400.947967,0.41,0.0488047080972467,0.61,12000,5000,4e+07,"Aggressive"
5,31628.460919474,467907.709067958,198388002.248818,0.51,0.0675955114791245,0.71,12000,5000,4e+07,"Aggressive"
6,40976.2989601046,460149.53966855,234380564.603392,0.61,0.089049961865919,0.81,12000,5000,4e+07,"Aggressive"
7,51233.2520397718,452740.487892116,269646077.198403,0.71,0.113162514530797,0.91,12000,5000,4e+07,"Aggressive"
8,61411.3396912415,445664.843445621,304199226.438995,0.81,0.137797137455234,0.938779270676288,12000,5000,4e+07,"Aggressive"
9,71131.413398395,438907.602999219,338054402.064928,0.91,0.162064664435812,0.938779270676288,12000,5000,4e+07,"Aggressive"
10,80414.0837887267,432454.438372904,371225703.143216,1,0.1859481060971,0.938779270676288,12000,5000,4e+07,"Aggressive"
11,89279.0340114934,426291.666154774,403726943.939723,1,0.209431807139947,0.938779270676288,12000,5000,4e+07,"Aggressive"
12,97745.0614742356,420406.21868646,435571659.672141,1,0.232501464368523,0.938779270676288,12000,5000,4e+07,"Aggressive"
13,105830.117701154,414785.61635422,466773112.146764,1,0.255144135978855,0.938779270676288,12000,5000,4e+07,"Aggressive"
14,113551.346397862,409417.94112693,497344295.281399,1,0.277348242447094,0.938779270676288,12000,5000,4e+07,"Aggressive"
15,120925.119803217,404291.811284869,527297940.516715,1,0.299103559428791,0.938779270676288,12000,5000,4e+07,"Aggressive"
16,127967.073405332,399396.3572857,556646522.118277,1,0.320401203143156,0.938779270676288,12000,5000,4e+07,"Aggressive"
17,134692.139095352,394721.198716494,585402262.371488,1,0.341233608768231,0.938779270676288,12000,5000,4e+07,"Aggressive"
18,141114.57682932,390256.422282903,613577136.671584,1,0.361594502414169,0.938779270676288,12000,5000,4e+07,"Aggressive"
19,147248.00486526,385992.560788822,641182878.510818,1,0.381478867272315,0.938779270676288,12000,5000,4e+07,"Aggressive"
20,153105.428639583,381920.573061976,668230984.364899,1,0.40088290455811,0.938779270676288,12000,5000,4e+07,"Aggressive"
21,158699.268344061,378031.824782838,694732718.480728,1,0.41980398987632,0.938779270676288,12000,5000,4e+07,"Aggressive"
22,164041.385261838,374318.07017626,720699117.567418,1,0.438240625638493,0.938779270676288,12000,5000,4e+07,"Aggressive"
23,169143.106918314,370771.434526979,746140995.392556,1,0.456192390155684,0.938779270676288,12000,5000,4e+07,"Aggressive"
24,174015.25110025,367384.397481916,771068947.285626,1,0.473659884015122,0.938779270676288,12000,5000,4e+07,"Aggressive"
25,178668.148793998,364149.77710388,795493354.550456,1,0.490644674328689,0.938779270676288,12000,5000,4e+07,"Aggressive"
26,183111.666091527,361060.714642856,819424388.788537,1,0.50714923741469,0.938779270676288,12000,5000,4e+07,"Aggressive"
27,187355.225110668,358110.659992578,842872016.135009,1,0.52317690044343,0.938779270676288,12000,5000,4e+07,"Aggressive"
28,191407.823973947,355293.357801562,865846001.409082,1,0.538731782542504,0.938779270676288,12000,5000,4e+07,"Aggressive"
29,195278.055888379,352602.834209142,888355912.180618,1,0.553818735820348,0.938779270676288,12000,5000,4e+07,"Aggressive"
30,198974.127366661,350033.384178382,910411122.75457,1,0.568443286727364,0.938779270676288,12000,5000,4e+07,"Aggressive"
0,98,512539,6983872,0.01,0.00019120496196387,0,5000,1000,1e+07,"Moderate Rebate"
1,3152.05582698962,502772.422508651,16842797.7856,0.03,0.00626934908494387,0.23,5000,1000,1e+07,"Moderate Rebate"
2,6334.63269193772,493445.341004412,26502573.2703309,0.05,0.0128375570008292,0.25,5000,1000,1e+07,"Moderate Rebate"
3,9639.94714813616,484537.978167864,35967221.2902702,0.07,0.0198951322341888,0.27,5000,1000,1e+07,"Moderate Rebate"
4,13062.4760039787,476031.44665896,45240683.4202067,0.09,0.0274403636475238,0.29,5000,1000,1e+07,"Moderate Rebate"
5,16596.9446114813,467907.709067958,54326821.6151186,0.11,0.0354705517559036,0.31,5000,1000,1e+07,"Moderate Rebate"
6,20238.3156818193,460149.53966855,63229419.8184932,0.13,0.0439820404827464,0.33,5000,1000,1e+07,"Moderate Rebate"
7,23981.7786041651,452740.487892116,71952185.5381596,0.15,0.0529702539214469,0.35,5000,1000,1e+07,"Moderate Rebate"
8,27822.7392451784,445664.843445621,80498751.3902888,0.17,0.0624297376254074,0.37,5000,1000,1e+07,"Moderate Rebate"
9,31756.8102075191,438907.602999219,88872676.6122049,0.19,0.0723542039156145,0.39,5000,1000,1e+07,"Moderate Rebate"
10,35779.8015267274,432454.438372904,97077448.5446384,0.21,0.0827365806704349,0.41,5000,1000,1e+07,"Moderate Rebate"
11,39887.7117867444,426291.666154774,105116484.084037,0.23,0.0935690630467599,0.43,5000,1000,1e+07,"Moderate Rebate"
12,44076.7196352336,420406.21868646,112993131.105539,0.25,0.104843167574803,0.45,5000,1000,1e+07,"Moderate Rebate"
13,48343.1756807139,414785.61635422,120710669.857207,0.27,0.11654978807035,0.47,5000,1000,1e+07,"Moderate Rebate"
14,52683.5947543205,409417.94112693,128272314.326092,0.29,0.128679252817568,0.49,5000,1000,1e+07,"Moderate Rebate"
15,57094.6485197878,404291.811284869,135681213.576705,0.31,0.141221382491861,0.51,5000,1000,1e+07,"Moderate Rebate"
16,61573.1584159822,399396.3572857,142940453.062455,0.33,0.154165548315046,0.53,5000,1000,1e+07,"Moderate Rebate"
17,66116.0889170207,394721.198716494,150053055.910594,0.35,0.167500729963349,0.55,5000,1000,1e+07,"Moderate Rebate"
18,70720.5410956856,390256.422282903,157021984.1812,0.37,0.181215572781578,0.57,5000,1000,1e+07,"Moderate Rebate"
19,75383.7464764835,385992.560788822,163850140.100739,0.39,0.195298443893395,0.59,5000,1000,1e+07,"Moderate Rebate"
20,80103.0611653186,381920.573061976,170540367.270704,0.41,0.209737486836877,0.61,5000,1000,1e+07,"Moderate Rebate"
21,84875.9602433291,378031.824782838,177095451.851836,0.43,0.22452067439583,0.63,5000,1000,1e+07,"Moderate Rebate"
22,89700.0324130021,374318.07017626,183518123.724429,0.45,0.239635859339529,0.65,5000,1000,1e+07,"Moderate Rebate"
23,94572.9748852129,370771.434526979,189811057.625196,0.47,0.255070822826108,0.67,5000,1000,1e+07,"Moderate Rebate"
24,99492.5884963471,367384.397481916,195976874.261167,0.49,0.270813320266941,0.69,5000,1000,1e+07,"Moderate Rebate"
25,104456.773045153,364149.77710388,202018141.401091,0.51,0.286851124490337,0.71,5000,1000,1e+07,"Moderate Rebate"
26,109463.522839436,361060.714642856,207937374.944789,0.53,0.303172066082328,0.73,5000,1000,1e+07,"Moderate Rebate"
27,114510.92244315,358110.659992578,213737039.970904,0.55,0.319764070819682,0.75,5000,1000,1e+07,"Moderate Rebate"
28,119597.142614869,355293.357801562,219419551.763492,0.57,0.336615194145188,0.77,5000,1000,1e+07,"Moderate Rebate"
29,124720.436429034,352602.834209142,224987276.81787,0.59,0.353713652667514,0.79,5000,1000,1e+07,"Moderate Rebate"
30,129879.135571734,350033.384178382,230442533.826149,0.61,0.371047852697233,0.81,5000,1000,1e+07,"Moderate Rebate"
0,98,512539,6983872,0.01,0.00019120496196387,0,0,8000,3e+07,"Supply Push"
1,5013.73067820069,502772.422508651,36842797.7856,0.17,0.00997216723459892,0.37,0,8000,3e+07,"Supply Push"
2,11835.8818772664,493445.341004412,66098573.2703309,0.33,0.0239862065637795,0.53,0,8000,3e+07,"Supply Push"
3,20478.6646737583,484537.978167864,94763382.0902702,0.49,0.0422643128020476,0.69,0,8000,3e+07,"Supply Push"
4,30860.1506457921,476031.44665896,122849161.772047,0.65,0.064827966434539,0.85,0,8000,3e+07,"Supply Push"
5,41143.0611900179,467907.709067958,150367608.704251,0.81,0.0879298639297314,0.87771848247137,0,8000,3e+07,"Supply Push"
6,50963.2407597535,460149.53966855,177330183.008426,0.97,0.110753649338567,0.87771848247137,0,8000,3e+07,"Supply Push"
7,60341.512248851,452740.487892116,203748113.311655,1,0.133280574330321,0.87771848247137,0,8000,3e+07,"Supply Push"
8,69297.7615209391,445664.843445621,229632401.42276,1,0.155492995555066,0.87771848247137,0,8000,3e+07,"Supply Push"
9,77850.9795757832,438907.602999219,254993826.91402,1,0.177374415580406,0.87771848247137,0,8000,3e+07,"Supply Push"
10,86019.3028181594,432454.438372904,279842951.610357,1,0.198909515512904,0.87771848247137,0,8000,3e+07,"Supply Push"
11,93820.0515146286,426291.666154774,304190123.987828,1,0.220084179362224,0.87771848247137,0,8000,3e+07,"Supply Push"
12,101269.766519757,420406.21868646,328045483.483274,1,0.24088551029566,0.87771848247137,0,8000,3e+07,"Supply Push"
13,108384.244349654,414785.61635422,351418964.716912,1,0.261301839013376,0.87771848247137,0,8000,3e+07,"Supply Push"
14,115178.570677206,409417.94112693,374320301.62963,1,0.281322724549332,0.87771848247137,0,8000,3e+07,"Supply Push"
15,121667.152320018,404291.811284869,396759031.536711,1,0.300938947868746,0.87771848247137,0,8000,3e+07,"Supply Push"
16,127863.747788904,399396.3572857,418744499.09967,1,0.320142498689439,0.87771848247137,0,8000,3e+07,"Supply Push"
17,133781.49646169,394721.198716494,440285860.217857,1,0.338926556001309,0.87771848247137,0,8000,3e+07,"Supply Push"
18,139432.9464442,390256.422282903,461392085.841456,1,0.357285462795339,0.87771848247137,0,8000,3e+07,"Supply Push"
19,144830.081177497,385992.560788822,482071965.707458,1,0.375214695541073,0.87771848247137,0,8000,3e+07,"Supply Push"
20,149984.344847796,381920.573061976,502334112.000168,1,0.392710828969817,0.87771848247137,0,8000,3e+07,"Supply Push"
21,154906.666652932,378031.824782838,522186962.937764,1,0.409771496730252,0.87771848247137,0,8000,3e+07,"Supply Push"
22,159607.483976836,374318.07017626,541638786.286422,1,0.426395348484458,0.87771848247137,0,8000,3e+07,"Supply Push"
23,164096.764521165,370771.434526979,560697682.803436,1,0.442582004006095,0.87771848247137,0,8000,3e+07,"Supply Push"
24,168384.027440999,367384.397481916,579371589.610806,1,0.458332004829595,0.87771848247137,0,8000,3e+07,"Supply Push"
25,172478.36352944,364149.77710388,597668283.500668,1,0.47364676398041,0.87771848247137,0,8000,3e+07,"Supply Push"
26,176388.454493902,361060.714642856,615595384.173955,1,0.488528514292609,0.87771848247137,0,8000,3e+07,"Supply Push"
27,180122.591364963,358110.659992578,633160357.413641,1,0.502980255792151,0.87771848247137,0,8000,3e+07,"Supply Push"
28,183688.692076826,355293.357801562,650370518.193885,1,0.517005702593008,0.87771848247137,0,8000,3e+07,"Supply Push"
29,187094.318256655,352602.834209142,667233033.726369,1,0.530609229719583,0.87771848247137,0,8000,3e+07,"Supply Push"
30,190346.691258392,350033.384178382,683754926.445096,1,0.543795820233503,0.87771848247137,0,8000,3e+07,"Supply Push"
0,98,512539,6983872,0.01,0.00019120496196387,0,10000,3000,2e+07,"Phaseout"
1,3683.96292733564,502772.422508651,26842797.7856,0.07,0.00732729712770246,0.27,10000,3000,2e+07,"Phaseout"
2,7906.41817346021,493445.341004412,45783331.8910205,0.13,0.0160228854473864,0.33,9655.1724137931,3000,19482758.6206897,"Phaseout"
3,12736.7235840282,484537.978167864,63824025.8282012,0.19,0.0262863266821485,0.39,9310.34482758621,3000,18965517.2413793,"Phaseout"
4,18147.5259016397,476031.44665896,80983056.3685405,0.25,0.0381225358723853,0.45,8965.51724137931,3000,18448275.862069,"Phaseout"
5,24112.7027654776,467907.709067958,97278233.1126546,0.31,0.0515330316175141,0.51,8620.68965517241,3000,17931034.4827586,"Phaseout"
6,30607.3073209619,460149.53966855,112727005.907227,0.37,0.0665160011743327,0.57,8275.86206896552,3000,17413793.1034483,"Phaseout"
7,37607.5153219685,452740.487892116,127346472.112039,0.43,0.0830663842261221,0.63,7931.03448275862,3000,16896551.7241379,"Phaseout"
8,45090.5746134488,445664.843445621,141153383.720204,0.49,0.101175974000629,0.69,7586.20689655172,3000,16379310.3448276,"Phaseout"
9,53034.7568873315,438907.602999219,154164154.334573,0.55,0.120833534267635,0.75,7241.37931034483,3000,15862068.9655172,"Phaseout"
10,61419.3116094085,432454.438372904,166394866.003221,0.61,0.142024930627366,0.81,6896.55172413793,3000,15344827.5862069,"Phaseout"
11,70224.422019511,426291.666154774,177861275.916853,0.67,0.16473327441033,0.87,6551.72413793103,3000,14827586.2068966,"Phaseout"
12,79218.5589618314,420406.21868646,188578822.970919,0.73,0.188433366207917,0.914011933684786,6206.89655172414,3000,14310344.8275862,"Phaseout"
13,87784.9556567585,414785.61635422,198562634.195182,0.79,0.211639343785228,0.91228200114778,5862.06896551724,3000,13793103.4482759,"Phaseout"
14,95942.4429198122,409417.94112693,207827531.053405,0.85,0.234338638545563,0.910520672480689,5517.24137931034,3000,13275862.0689655,"Phaseout"
15,103708.998435166,404291.811284869,216388035.615781,0.91,0.256520155838852,0.908727515679678,5172.41379310345,3000,12758620.6896552,"Phaseout"
16,111101.785142086,399396.3572857,224258376.606687,0.97,0.278174257514852,0.906902098404595,4827.58620689655,3000,12241379.3103448,"Phaseout"
17,118137.187897517,394721.198716494,231452495.330267,1,0.299292736953732,0.905043988244997,4482.75862068965,3000,11724137.9310345,"Phaseout"
18,124830.848492535,390256.422282903,237984051.476319,1,0.319868787199722,0.903152752997129,4137.93103448276,3000,11206896.5517241,"Phaseout"
19,131197.699096889,385992.560788822,243866428.808911,1,0.339896962855374,0.901227960952001,3793.10344827586,3000,10689655.1724138,"Phaseout"
20,137251.994202524,381920.573061976,249112740.740075,1,0.359373136414549,0.899269181194691,3448.27586206897,3000,10172413.7931034,"Phaseout"
21,143007.341133769,378031.824782838,253735835.790918,1,0.378294449722376,0.897275983914988,3103.44827586207,3000,9655172.4137931,"Phaseout"
22,148476.729188854,374318.07017626,257748302.942425,1,0.396659261250569,0.895247940729496,2758.62068965517,3000,9137931.03448276,"Phaseout"
23,153672.557474493,370771.434526979,261162476.87816,1,0.414467089867764,0.893184625015262,2413.79310344828,3000,8620689.65517242,"Phaseout"
24,158606.661492507,367384.397481916,263990443.121083,1,0.431718555767775,0.891085612255016,2068.96551724138,3000,8103448.27586207,"Phaseout"
25,163290.338534784,364149.77710388,266244043.066589,1,0.44841531919489,0.888950480394075,1724.13793103448,3000,7586206.89655172,"Phaseout"
26,167734.371940382,361060.714642856,267934878.913886,1,0.464560017575706,0.886778810208929,1379.31034482759,3000,7068965.51724138,"Phaseout"
27,171949.054266105,358110.659992578,269074318.497756,1,0.480156201632392,0.884570185687547,1034.48275862069,3000,6551724.13793103,"Phaseout"
28,175944.209419626,355293.357801562,269673500.022722,1,0.495208271013875,0.882324194421372,689.655172413793,3000,6034482.75862069,"Phaseout"
29,179729.213801981,352602.834209142,269743336.701573,1,0.50972140994016,0.880040428008983,344.827586206897,3000,5517241.37931035,"Phaseout"
30,183313.016504178,350033.384178382,269294521.300202,1,0.523701523311729,0.87771848247137,0,3000,5e+06,"Phaseout"
0,98,512539,6983872,0.01,0.00019120496196387,0,0,0,2e+06,"Ramp-Up"
1,2886.10227681661,502772.422508651,8842797.7856,0.01,0.00574037506356457,0.21,0,0,2e+06,"Ramp-Up"
2,5586.7333154869,493445.341004412,11235601.8417595,0.0128571428571429,0.0113218888724637,0.212857142857143,428.571428571429,142.857142857143,2571428.57142857,"Ramp-Up"
3,8241.82268603789,484537.978167864,14151499.8274131,0.0185714285714286,0.0170096526121686,0.218571428571429,857.142857142857,285.714285714286,3142857.14285714,"Ramp-Up"
4,10891.4131278454,476031.44665896,17579925.245185,0.0271428571428571,0.0228796084886556,0.227142857142857,1285.71428571429,428.571428571429,3714285.71428571,"Ramp-Up"
5,13573.7454570132,467907.709067958,21510525.0409466,0.0385714285714286,0.0290094503551807,0.238571428571429,1714.28571428571,571.428571428571,4285714.28571429,"Ramp-Up"
6,16325.3396529207,460149.53966855,25933155.2922623,0.0528571428571429,0.0354783352922182,0.252857142857143,2142.85714285714,714.285714285714,4857142.85714286,"Ramp-Up"
7,19181.0722958749,452740.487892116,30837876.98393,0.07,0.0423665936863274,0.27,2571.42857142857,857.142857142857,5428571.42857143,"Ramp-Up"
8,22174.2505200692,445664.843445621,36214951.8688547,0.09,0.0497554403184034,0.29,3000,1000,6e+06,"Ramp-Up"
9,25336.6826386582,438907.602999219,42054838.4125324,0.112857142857143,0.0577266888646339,0.312857142857143,3428.57142857143,1142.85714285714,6571428.57142857,"Ramp-Up"
10,28698.7455907045,432454.438372904,48348187.8194564,0.138571428571429,0.0663624720760934,0.338571428571429,3857.14285714286,1285.71428571429,7142857.14285714,"Ramp-Up"
11,32289.4493530131,426291.666154774,55085840.1397891,0.167142857142857,0.0757449697393092,0.367142857142857,4285.71428571429,1428.57142857143,7714285.71428571,"Ramp-Up"
12,36136.4984534325,420406.21868646,62258820.4546796,0.198571428571429,0.0859561463347029,0.398571428571429,4714.28571428571,1571.42857142857,8285714.28571429,"Ramp-Up"
13,40266.3507160582,414785.61635422,69858335.1386379,0.232857142857143,0.097077500107119,0.432857142857143,5142.85714285714,1714.28571428571,8857142.85714286,"Ramp-Up"
14,44704.2733629013,409417.94112693,77875768.1974089,0.27,0.109189825047363,0.47,5571.42857142857,1857.14285714286,9428571.42857143,"Ramp-Up"
15,49474.3965909825,404291.811284869,86302677.6798212,0.31,0.122372987060384,0.51,6000,2000,1e+07,"Ramp-Up"
16,54561.7713741461,399396.3572857,94559363.5906888,0.35,0.136610588401327,0.55,6000,2000,1e+07,"Ramp-Up"
17,60047.1048031894,394721.198716494,104792121.589014,0.397142857142857,0.15212536088369,0.597142857142857,6571.42857142857,2357.14285714286,12142857.1428571,"Ramp-Up"
18,66007.4721498239,390256.422282903,116961035.01863,0.451428571428571,0.169138721058571,0.651428571428571,7142.85714285714,2714.28571428571,14285714.2857143,"Ramp-Up"
19,72516.4802985341,385992.560788822,131026993.539825,0.512857142857143,0.187870150011021,0.712857142857143,7714.28571428571,3071.42857142857,16428571.4285714,"Ramp-Up"
20,79644.4238240027,381920.573061976,146951676.841749,0.581428571428571,0.208536615834723,0.781428571428571,8285.71428571429,3428.57142857143,18571428.5714286,"Ramp-Up"
21,87458.4340450516,378031.824782838,164697538.683832,0.657142857142857,0.231352040520114,0.857142857142857,8857.14285714286,3785.71428571429,20714285.7142857,"Ramp-Up"
22,95872.8347393001,374318.07017626,184227791.259561,0.74,0.256126653714995,0.928735880249899,9428.57142857143,4142.85714285714,22857142.8571429,"Ramp-Up"
23,103939.912326019,370771.434526979,205506389.876118,0.83,0.280334196884998,0.931091549026775,10000,4500,2.5e+07,"Ramp-Up"
24,111674.335166229,367384.397481916,228498017.943478,0.927142857142857,0.303971360601197,0.933374936097375,10571.4285714286,4857.14285714286,27142857.1428571,"Ramp-Up"
25,119090.136178854,364149.77710388,253168072.266734,1,0.327036136410656,0.935587893977174,11142.8571428571,5214.28571428571,29285714.2857143,"Ramp-Up"
26,126200.741125452,361060.714642856,279482648.635517,1,0.349527755325814,0.937732251856305,11714.2857142857,5571.42857142857,31428571.4285714,"Ramp-Up"
27,133018.995602658,358110.659992578,307408527.704508,1,0.37144662380454,0.9398098141365,12285.7142857143,5928.57142857143,33571428.5714286,"Ramp-Up"
28,139557.19080257,355293.357801562,336913161.159163,1,0.392794257866524,0.941822359121269,12857.1428571429,6285.71428571429,35714285.7142857,"Ramp-Up"
29,145827.088098416,352602.834209142,367964658.160891,1,0.41357321595413,0.943771637851618,13428.5714285714,6642.85714285714,37857142.8571429,"Ramp-Up"
30,151839.942510233,350033.384178382,400531772.066041,1,0.433787031104592,0.945659373079663,14000,7000,4e+07,"Ramp-Up"
0,98,512539,6983872,0.01,0.00019120496196387,0,12000,5000,3e+07,"Pulse"
1,4215.87002768166,502772.422508651,36842797.7856,0.11,0.00838524517046104,0.31,12000,5000,3e+07,"Pulse"
2,9478.2036549827,493445.341004412,66098573.2703309,0.21,0.0192082138939436,0.41,12000,5000,3e+07,"Pulse"
3,15833.5000199202,484537.978167864,94763382.0902702,0.31,0.0326775211301081,0.51,12000,5000,3e+07,"Pulse"
4,23232.5757993006,476031.44665896,122849161.772047,0.41,0.0488047080972467,0.61,12000,5000,3e+07,"Pulse"
5,31628.460919474,467907.709067958,150367608.704251,0.51,0.0675955114791245,0.71,12000,5000,3e+07,"Pulse"
6,39779.507984326,460149.53966855,149330183.008426,0.52,0.0864490878616972,0.72,1000,500,2e+06,"Pulse"
7,47696.7347063462,452740.487892116,148313713.311655,0.53,0.105351158073832,0.73,1000,500,2e+06,"Pulse"
8,55390.663000962,445664.843445621,147317776.30276,0.54,0.124287710407475,0.74,1000,500,2e+06,"Pulse"
9,62871.3412974066,438907.602999219,146341957.221444,0.55,0.143245049454107,0.75,1000,500,2e+06,"Pulse"
10,70148.3658455977,432454.438372904,145385849.685571,0.56,0.162209841363933,0.76,1000,500,2e+06,"Pulse"
11,78427.6920399853,426291.666154774,172449055.521922,0.66,0.183976601624463,0.86,12000,5000,3e+07,"Pulse"
12,87382.0298914453,420406.21868646,198965584.60038,0.76,0.207851420857823,0.938779270676288,12000,5000,3e+07,"Pulse"
13,95933.4225395897,414785.61635422,224946479.791452,0.86,0.231284352101699,0.938779270676288,12000,5000,3e+07,"Pulse"
14,104100.002518568,409417.94112693,250402560.899665,0.96,0.254263411691316,0.938779270676288,12000,5000,3e+07,"Pulse"
15,111899.086398491,404291.811284869,275344429.169491,1,0.27677801843888,0.938779270676288,12000,5000,3e+07,"Pulse"
16,118623.39237698,399396.3572857,271782471.700268,1,0.297006695762438,0.884347274835823,1000,500,2e+06,"Pulse"
17,125045.104586437,394721.198716494,268292465.771922,1,0.316793486118918,0.884347274835823,1000,500,2e+06,"Pulse"
18,131177.839746468,390256.422282903,264872957.963329,1,0.336132430516095,0.884347274835823,1000,500,2e+06,"Pulse"
19,137034.601824297,385992.560788822,261522524.21247,1,0.355018763947809,0.884347274835823,1000,500,2e+06,"Pulse"
20,142627.809608625,381920.573061976,258239769.223378,1,0.373448878297215,0.884347274835823,1000,500,2e+06,"Pulse"
21,148133.203279747,378031.824782838,263023325.885066,1,0.391853789994647,0.89667124922786,3000,1500,1e+07,"Pulse"
22,153390.85423567,374318.07017626,267710254.702188,1,0.409787468084136,0.89667124922786,3000,1500,1e+07,"Pulse"
23,158411.910898575,370771.434526979,272302507.557204,1,0.427249502380552,0.89667124922786,3000,1500,1e+07,"Pulse"
24,163207.02001165,367384.397481916,276801996.904548,1,0.444240477086902,0.89667124922786,3000,1500,1e+07,"Pulse"
25,167786.349214637,364149.77710388,281210596.567076,1,0.460761916563725,0.89667124922786,3000,1500,1e+07,"Pulse"
26,172159.608603489,361060.714642856,285530142.516421,1,0.476816229574523,0.89667124922786,3000,1500,1e+07,"Pulse"
27,176336.071319843,358110.659992578,289762433.63759,1,0.492406652523267,0.89667124922786,3000,1500,1e+07,"Pulse"
28,180324.593213961,355293.357801562,293909232.47811,1,0.507537192166355,0.89667124922786,3000,1500,1e+07,"Pulse"
29,184133.631622844,352602.834209142,297972265.982052,1,0.52221256824506,0.89667124922786,3000,1500,1e+07,"Pulse"
30,187771.263303326,350033.384178382,301953226.209215,1,0.536438156446346,0.89667124922786,3000,1500,1e+07,"Pulse"
0,98,512539,6983872,0.01,0.00019120496196387,0,9939.14193805498,1000,6200000,"Adaptive"
1,3152.05582698962,502772.422508651,13042797.7856,0.03,0.00626934908494387,0.23,9939.14193805498,1000,6200000,"Adaptive"
2,6380.48675231237,493445.341004412,20179333.2703309,0.053448275862069,0.0129304833222761,0.253448275862069,9827.86740683523,1172.41379310345,7400000,"Adaptive"
3,9821.29995691793,484537.978167864,28371710.7382702,0.0803448275862069,0.0202694120986228,0.280344827586207,9683.77223398316,1344.8275862069,8600000,"Adaptive"
4,13510.7922986132,476031.44665896,37598602.1813571,0.110689655172414,0.0283821423845821,0.310689655172414,9513.13550443985,1517.24137931034,9800000,"Adaptive"
5,17483.6272766038,467907.709067958,47839110.4172937,0.14448275862069,0.0373655465335891,0.34448275862069,9319.58618256023,1689.65517241379,1.1e+07,"Adaptive"
6,21772.9085326312,460149.53966855,59072760.3868644,0.181724137931034,0.0473170277391007,0.381724137931034,9105.57280900008,1862.06896551724,12200000,"Adaptive"
7,26410.2500445583,452740.487892116,71279490.6270497,0.222413793103448,0.0583341908905033,0.422413793103448,8872.89291974082,2034.48275862069,13400000,"Adaptive"
8,31425.8431612442,445664.843445621,84439644.9163833,0.266551724137931,0.0705145214468297,0.466551724137931,8622.93925468181,2206.89655172414,14600000,"Adaptive"
9,36848.5206208496,438907.602999219,98533964.0890724,0.314137931034483,0.0839550747561673,0.514137931034483,8356.8323274845,2379.31034482759,15800000,"Adaptive"
10,42705.8176883176,432454.438372904,113543578.014473,0.365172413793104,0.0987521780305849,0.565172413793104,8075.49910270125,2551.72413793103,1.7e+07,"Adaptive"
11,49024.0305416692,426291.666154774,129449997.738581,0.419655172413793,0.115001146946818,0.619655172413793,7779.72307366184,2724.13793103448,18200000,"Adaptive"
12,55828.2720309142,420406.21868646,146235107.784261,0.477586206896552,0.132796018587325,0.677586206896552,7470.1778718653,2896.55172413793,19400000,"Adaptive"
13,63142.524927812,414785.61635422,163881158.607019,0.538965517241379,0.152229302170135,0.738965517241379,7147.45078271434,3068.96551724138,20600000,"Adaptive"
14,70989.692779393,409417.94112693,182370759.203158,0.603793103448276,0.173391748744553,0.803793103448276,6812.05976170146,3241.37931034483,21800000,"Adaptive"
15,79391.6484730711,404291.811284869,201686869.867254,0.672068965517241,0.196372140758327,0.872068965517241,6464.46609406726,3413.79310344828,2.3e+07,"Adaptive"
16,87966.5112209323,399396.3572857,221812795.095935,0.743793103448276,0.220248656794852,0.913504401144268,6105.08403551882,3586.20689655172,24200000,"Adaptive"
17,96130.6198669261,394721.198716494,242732176.634997,0.818965517241379,0.243540555155162,0.911633000804061,5734.28830131521,3758.62068965517,25400000,"Adaptive"
18,103901.208000025,390256.422282903,264428986.66697,0.897586206896552,0.266238304016186,0.909667573096205,5352.4199845511,3931.03448275862,26600000,"Adaptive"
19,111294.702802179,385992.560788822,286887521.136298,0.979655172413793,0.288333802534264,0.907605794643802,4959.7913035566,4103.44827586207,27800000,"Adaptive"
20,118326.758662252,381920.573061976,310092393.209344,1,0.309820331786763,0.905445140953243,4556.68946048183,4275.86206896552,2.9e+07,"Adaptive"
21,125012.289419095,378031.824782838,334028526.866516,1,0.330692500534602,0.903182897075922,4143.37981426147,4448.27586206897,30200000,"Adaptive"
22,131365.499270834,374318.07017626,358681150.623812,1,0.350946186511851,0.900816166417463,3720.10851709705,4620.68965517241,31400000,"Adaptive"
23,137399.912392271,370771.434526979,384035791.381211,1,0.370578473952727,0.898341878185409,3287.10472575633,4793.10344827586,32600000,"Adaptive"
24,143128.40130557,367384.397481916,410078268.395311,1,0.389587588059221,0.895756793861313,2844.58247200067,4965.51724137931,33800000,"Adaptive"
25,148563.214051481,364149.77710388,436794687.373725,1,0.407972827096091,0.893057513008328,2392.74225687269,5137.93103448276,3.5e+07,"Adaptive"
26,153716.000209686,361060.714642856,464171434.688776,1,0.425734492775638,0.890240478671555,1931.77241915572,5310.34482758621,36200000,"Adaptive"
27,158597.835817511,358110.659992578,492195171.708063,1,0.442873819564036,0.887301982589472,1461.85031754538,5482.75862068966,37400000,"Adaptive"
28,163219.247236628,355293.357801562,520852829.23956,1,0.459392903505358,0.884238170406519,983.143357926572,5655.1724137931,38600000,"Adaptive"
29,167590.23401733,352602.834209142,550131602.088921,1,0.475294631120083,0.88104504705646,495.809890914974,5827.58620689655,39800000,"Adaptive"
30,171720.290809837,350033.384178382,579018943.726725,1,0.490582608892887,0.87771848247137,0,6000,4e+07,"Adaptive"
0,98,512539,6983872,0.01,0.00019120496196387,0,15000,8000,4e+07,"Front-Loaded"
1,5013.73067820069,502772.422508651,46842797.7856,0.17,0.00997216723459892,0.37,15000,8000,4e+07,"Front-Loaded"
2,11693.4067611023,493445.341004412,83396573.2703309,0.319285714285714,0.0236974712078552,0.519285714285714,14071.4285714286,7464.28571428571,37500000,"Front-Loaded"
3,19915.1755893292,484537.978167864,116711962.49027,0.457857142857143,0.0411013717946993,0.657857142857143,13142.8571428571,6928.57142857143,3.5e+07,"Front-Loaded"
4,29467.1678731777,476031.44665896,146854380.847967,0.585714285714286,0.0619017253586791,0.785714285714286,12214.2857142857,6392.85714285714,32500000,"Front-Loaded"
5,40147.0484409806,467907.709067958,173887922.354838,0.702857142857143,0.0858012117837318,0.902857142857143,11285.7142857143,5857.14285714286,3e+07,"Front-Loaded"
6,50740.8748195795,460149.53966855,197875386.32327,0.809285714285714,0.110270402217785,0.932527018374165,10357.1428571429,5321.42857142857,27500000,"Front-Loaded"
7,60807.5656789743,452740.487892116,218878303.51954,0.905,0.134309979569276,0.928735880249899,9428.57142857143,4785.71428571429,2.5e+07,"Front-Loaded"
8,70368.23809751,445664.843445621,236956961.788445,0.99,0.157894972269887,0.924748916951104,8500,4250,22500000,"Front-Loaded"
9,79442.950496467,438907.602999219,252170431.160319,1,0.181001536436379,0.920557977540189,7571.42857142857,3714.28571428571,2e+07,"Front-Loaded"
10,88050.748743787,432454.438372904,264576588.45088,1,0.20360699516711,0.916154795582596,6642.85714285714,3178.57142857143,17500000,"Front-Loaded"
11,96209.7105350018,426291.666154774,274232141.364173,1,0.225689869574112,0.911531015607799,5714.28571428571,2642.85714285714,1.5e+07,"Front-Loaded"
12,103936.98817798,420406.21868646,281192652.108616,1,0.2472299018381,0.906678223261932,4785.71428571429,2107.14285714286,12500000,"Front-Loaded"
13,111248.8499051,414785.61635422,285512560.536022,1,0.268208070672576,0.901587979354306,3857.14285714286,1571.42857142857,1e+07,"Front-Loaded"
14,118160.719833311,409417.94112693,287245206.813195,1,0.288606599671894,0.896251857979475,2928.57142857143,1035.71428571429,7500000,"Front-Loaded"
15,124687.216689169,404291.811284869,286442853.635568,1,0.308408959095421,0.89066148886918,2000,500,5e+06,"Front-Loaded"
16,130792.514206772,399396.3572857,282656707.99213,1,0.327475480987456,0.881072823505799,500,200,2e+06,"Front-Loaded"
17,136623.073336084,394721.198716494,278947042.490689,1,0.34612550271011,0.881072823505799,500,200,2e+06,"Front-Loaded"
18,142191.257304576,390256.422282903,275312312.232377,1,0.364353407620541,0.881072823505799,500,200,2e+06,"Front-Loaded"
19,147508.872994487,385992.560788822,271751003.525283,1,0.382154704466414,0.881072823505799,500,200,2e+06,"Front-Loaded"
20,152587.195978351,381920.573061976,268261633.254072,1,0.399525992420393,0.881072823505799,500,200,2e+06,"Front-Loaded"
21,157436.994427942,378031.824782838,264842748.26234,1,0.416464922016505,0.881072823505799,500,200,2e+06,"Front-Loaded"
22,162068.5519473,374318.07017626,261492924.74744,1,0.432970152552307,0.881072823505799,500,200,2e+06,"Front-Loaded"
23,166491.689378288,370771.434526979,258210767.667542,1,0.449041306514603,0.881072823505799,500,200,2e+06,"Front-Loaded"
24,170715.785624882,367384.397481916,254994910.160658,1,0.46467892157365,0.881072823505799,500,200,2e+06,"Front-Loaded"
25,174749.797540378,364149.77710388,251844012.975412,1,0.479884400672111,0.881072823505799,500,200,2e+06,"Front-Loaded"
26,178602.278919677,361060.714642856,248756763.913309,1,0.494659960711434,0.881072823505799,500,200,2e+06,"Front-Loaded"
27,182281.398636908,358110.659992578,245731877.28226,1,0.509008580310584,0.881072823505799,500,200,2e+06,"Front-Loaded"
28,185794.957966864,355293.357801562,242768093.361159,1,0.522933947081086,0.881072823505799,500,200,2e+06,"Front-Loaded"
29,189150.407126971,352602.834209142,239864177.875263,1,0.536440404828903,0.881072823505799,500,200,2e+06,"Front-Loaded"
30,192354.861074874,350033.384178382,237018921.482183,1,0.549532901058509,0.881072823505799,500,200,2e+06,"Front-Loaded"
